url,status_code,title,meta_description,h1,canonical,og_title,og_description,og_image,ld_json_types,word_count,links_internal,links_external,primary_text
https://www.peugeot.com.ar,200,Inicio | Peugeot Argentina,"Bienvenidos al sitio oficial de Peugeot Argentina. Descubrí la gama, solicitá un Test Drive y mucho más",,https://www.peugeot.com.ar/,,,,,735,84,38,"NUEVOS 3008 Y 5008 DESCUBRÍ EL NUEVO 3008 DESCUBRÍ EL NUEVO 5008 Sumate a la comunidad exclusiva y disfrutá de beneficios únicos REGISTRATE AHORA Sumate a la comunidad exclusiva y disfrutá de beneficios únicos REGISTRATE AHORA 208 ENDORFINA TU DÍA TASA 0% A 12 MESES FINANCIÁ HASTA $ 12.000.000 DESCUBRILO 208 TASA 0% A 18 MESES FINANCIÁ HASTA $ 16.000.000 DESCUBRILO 2008 DEJÁ QUE LA INSPIRACIÓN TE GUÍE TASA 0% A 12 MESES FINANCIÁ HASTA $ 12.000.000 DESCUBRILO AGENDAR TEST DRIVE 2008 TASA 0% A 18 MESES FINANCIÁ HASTA $ 16.000.000 DESCUBRILO AGENDAR TEST DRIVE Sumate a la comunidad exclusiva y disfrutá de beneficios únicos REGISTRATE AHORA Sumate a la comunidad exclusiva y disfrutá de beneficios únicos REGISTRATE AHORA Llamá a nuestra IA y preguntale lo que quieras HABLÁ CON LAION Contactate con LAION, nuestra Inteligencia Artificial, llamando al 1150327361 y recibí toda la información sobre los modelos y sus características. HABLÁ CON LAION CONOCÉ NUESTRAS OFERTAS CONOCÉ NUESTRAS OFERTAS 208 TASA 0% A 12 MESES FINANCIÁ HASTA $ 12.000.000 DESCUBRILO 2008 TASA 0% A 12 MESES FINANCIÁ HASTA $ 12.000.000 DESCUBRILO VER LEGALES VEHÍCULOS PARTICULARES VEHÍCULOS PARTICULARES NUEVO 3008…"
https://www.peugeot.com.ar/,200,Inicio | Peugeot Argentina,"Bienvenidos al sitio oficial de Peugeot Argentina. Descubrí la gama, solicitá un Test Drive y mucho más",,https://www.peugeot.com.ar/,,,,,735,84,38,"NUEVOS 3008 Y 5008 DESCUBRÍ EL NUEVO 3008 DESCUBRÍ EL NUEVO 5008 Sumate a la comunidad exclusiva y disfrutá de beneficios únicos REGISTRATE AHORA Sumate a la comunidad exclusiva y disfrutá de beneficios únicos REGISTRATE AHORA 208 ENDORFINA TU DÍA TASA 0% A 12 MESES FINANCIÁ HASTA $ 12.000.000 DESCUBRILO 208 TASA 0% A 18 MESES FINANCIÁ HASTA $ 16.000.000 DESCUBRILO 2008 DEJÁ QUE LA INSPIRACIÓN TE GUÍE TASA 0% A 12 MESES FINANCIÁ HASTA $ 12.000.000 DESCUBRILO AGENDAR TEST DRIVE 2008 TASA 0% A 18 MESES FINANCIÁ HASTA $ 16.000.000 DESCUBRILO AGENDAR TEST DRIVE Sumate a la comunidad exclusiva y disfrutá de beneficios únicos REGISTRATE AHORA Sumate a la comunidad exclusiva y disfrutá de beneficios únicos REGISTRATE AHORA Llamá a nuestra IA y preguntale lo que quieras HABLÁ CON LAION Contactate con LAION, nuestra Inteligencia Artificial, llamando al 1150327361 y recibí toda la información sobre los modelos y sus características. HABLÁ CON LAION CONOCÉ NUESTRAS OFERTAS CONOCÉ NUESTRAS OFERTAS 208 TASA 0% A 12 MESES FINANCIÁ HASTA $ 12.000.000 DESCUBRILO 2008 TASA 0% A 12 MESES FINANCIÁ HASTA $ 12.000.000 DESCUBRILO VER LEGALES VEHÍCULOS PARTICULARES VEHÍCULOS PARTICULARES NUEVO 3008…"
https://www.peugeot.com.ar/ar-business/index/nuestros-modelos-comerciales/vehiculos-transformados.html,200,Vehiculos Transformados | Peugeot Argentina,"Descubrí la nueva gama de Vehículos Transformados de Peugeot, hechos para cubrir todas las necesidades profesionales.",VEHÍCULOS TRANSFORMADOS | PEUGEOT ARGENTINA,https://professional.peugeot.com.ar/nuestros-modelos-comerciales/vehiculos-transformados.html,,,,,558,54,16,"NUESTROS VEHÍCULOS TRANSFORMADOS VEHÍCULOS TRANSFORMADOS | PEUGEOT ARGENTINA LA GAMA DE VEHÍCULOS TRANSFORMADOS PARA USO PROFESIONAL DE PEUGEOT Un vehículo profesional es una herramienta de trabajo, y PEUGEOT, en colaboración con los mejores carroceros del mercado, ofrece a sus clientes una nueva gama de vehículos transformados. LOS VEHÍCULOS UTILITARIOS TRANSFORMADOS DE PEUGEOT La gama de utilitarios transformados de PEUGEOT ofrece vehículos listos para ser entregados rápidamente. El cliente tiene la posibilidad de personalizar el vehículo según sus necesidades profesionales, desde vehículos para el transporte y carga, hasta ambulancias y vehículos policiales. AMBULANCIAS PARTNER Ambulancia Tipo A1 • Unidad diseñada para el traslado de pacientes estables • Capacidad de carga de oxígeno (tubo portátil) • Total de plazas: 3 (incluyendo paciente en camilla) • Exterior: gráfica + barral de iluminación EXPERT Ambulancia Tipo A1 • Unidad de traslado para pacientes estables con opción de equiparse para emergencias menores • Capacidad de carga de oxígeno (tubo portátil) / opción a red de oxígeno • Total de plazas: 5 (incluyendo paciente en camilla) • Exterior: gráfica + barral de…"
https://www.peugeot.com.ar/comprar/comprar-un-peugeot.html,200,Reservá y comprá un vehículo PEUGEOT online,"Descubrí como comprar un PEUGEOT online: consultá los vehículos comerciales y profesionales PEUGEOT disponibles, a continuación, configura y reserva online",Compra tu vehículo comercial PEUGEOT online,https://www.peugeot.com.ar/comprar/comprar-un-peugeot.html,,,,,86,64,22,"RESERVÁ ONLINE Compra tu vehículo comercial PEUGEOT online COMPRÁ TU PEUGEOT CONFIGURADO ONLINE Configurá tu PEUGEOT y disfrutá de ofertas exclusivas para la compra de tu vehículo online COMPRAR ONLINE ENCONTRÁ TU NUEVO PEUGEOT Conocé los vehículos disponibles en stock y elegí el tuyo VEHÍCULOS DISPONIBLES RESERVÁ TU VEHÍCULO PROFESIONAL ONLINE Fabricantes, comerciantes, profesionales cualificados, PYMES... Sea cual sea el tipo de actividad, el tamaño de tu empresa y el número de vehículos de tu flota, en PEUGEOT Professional tu satisfacción es nuestra prioridad. RESERVAR ONLINE"
https://www.peugeot.com.ar/comprar/comprar-un-peugeot/nuestras-ofertas.html,200,OFERTAS DEL MOMENTO,Descubrí todas las ofertas que tiene Peugeot. ¡Déjate sorprender por las ofertas que tiene Peugeot para vos!,OFERTAS DEL MOMENTO,https://www.peugeot.com.ar/comprar/comprar-un-peugeot/nuestras-ofertas.html,,,,,131,64,24,"OFERTAS DEL MOMENTO TODAS NUESTRAS OFERTAS DEL MOMENTO NUEVO 208 Llantas 17"" diamantadas y pasaruedas en negro brillante Alerón trasero y salida de escape cromada PEUGEOT i-Cockpit 3D Paquete de Ayudas a la Conducción DESCUBRÍ LAS OFERTAS NUEVO 2008 Faros Full LED Motor Turbo T200 Volante GT con levas de cambio Peugeot i-Cockpit 3D DESCUBRÍ LAS OFERTAS PARTNER CONFORT Motor tipo Diesel HDi Carga transportable (kg): 650 kg Sistema antibloqueo de frenos ABS Cap. tanque de combustible: 55 lts DESCUBRÍ LAS OFERTAS EXPERT 3 plazas delanteras Par Motor Máximo: 300 NM Caja de 6ta Sistema Stop & Start DESCUBRÍ LAS OFERTAS BOXER Volumen de Carga: Hasta 13 M3 Par Motor Máx.: 320 NM a 2000 RPM Caja de sexta / Combustible: 125 Lts Aperturas de Puertas Traseras: 270º DESCUBRÍ LAS OFERTAS"
https://www.peugeot.com.ar/comprar/financiacion-y-servicios/garantias.html,200,Peugeot Garantías,Conocé el programa de Garantías de Peugeot. Descubrí todos los beneficios que tiene Peugeot para vos.,Peugeot Garantías | Peugeot Argentina,https://www.peugeot.com.ar/comprar/financiacion-y-servicios/garantias.html,,,,,1472,64,19,"GARANTÍA Peugeot Garantías | Peugeot Argentina Garantía por Emisión de Contaminantes Queda garantizado por 80.000 km. o por cinco años de uso, lo que ocurra primero, que las emisiones de gases de escape, de gases de cárter y emisiones evaporativas de los vehículos livianos con motor de ciclo Otto o diesel, se ajusten a los límites de contaminación establecidos por las normas sobre la materia. DIAGNOSTICO Cobertura: Piezas defectuosas, excepto piezas sujetas a desgaste normal (por ejemplo, pastillas de freno) Contenido de la garantía: Reparación o reemplazo gratuito de piezas defectuosas Reembolso de las tarifas por avería o remolque si se produce una avería que esté cubierta por la garantía Duración / km: 2 años desde la fecha de entrega Sin límite de kilometraje PINTURA Defectos cubiertos: Defecto en la pintura o barniz de la carrocería original Contenido de la garantía: Repintado o barnizado parcial o total para subsanar el defecto. Duración / km: 2 años (vehículos personales y comerciales) PERFORACIÓN Defectos cubiertos: Perforación: corrosión de la carrocería desde el interior hacia el exterior Contenido de la garantía : Reparación o reemplazo de las partes defectuosas donde…"
https://www.peugeot.com.ar/comprar/financiacion-y-servicios/peugeot-seguros.html,200,Peugeot Programa de Seguros | Conocé las principales coberturas,Acercate a un concesionario oficial de Peugeot y comenzá a disfrutar de estos beneficios.,Programa de Seguros | Peugeot Argentina,https://www.peugeot.com.ar/comprar/financiacion-y-servicios/peugeot-seguros.html,,,,,266,64,23,"SEGUROS Programa de Seguros | Peugeot Argentina DESCUBRÍ NUESTROS SEGUROS Seguro Auto La cobertura que necesitas para tu Peugeot, con la tranquilidad que estabas buscando. A través de nuestro programa de seguros, podrás contratar una cobertura exclusiva de acuerdo a tus necesidades, con las mejores compañías del mercado. Consultanos para pedir una cotización al 0800-345-1596, o escribiendo a atencionpcaasesores@stellantis.com *Los seguros son comercializados a través de PCA Asesores de seguros S.A., Matrícula SSN 1348, con sede en Carlos M. Della Paollera Piso 21 - 1001, CABA, Buenos Aires - Argentina Protección Plus Cuidá tus pretenencias, vayas donde vayas. Con nuestra cobertura de protección plus protegé tus objetos personales en caso de robo o hurto. Conocé más acerca de nuestra cobertura exclusiva en stellantisinsurance.seg.ar ACCIDENTES PERSONALES Contá con una tranquilidad económica ante eventos imprevistos. Conocé más acerca de nuestra cobertura exclusiva en stellantisinsurance.seg.ar Los seguros Protección Plus y Accidentes personales son emitidos por Stellantis Insurance Compañía de Seguros S.A.U. CUIT 30-71516557-7, domicilio Carlos Della Paolera 265, Piso 22, CABA, CP…"
https://www.peugeot.com.ar/comprar/movilidad-y-conectividad/actualizacion-gps.html,200,Actualizar los mapas | Actualizar tu PEUGEOT GPS,Tu sistema de navegación necesita datos de mapas actualizados para funcionar de forma óptima: actualiza tu GPS en nuestro sitio web PEUGEOT.,,https://www.peugeot.com.ar/comprar/movilidad-y-conectividad/actualizacion-gps.html,,,,,173,64,20,"ACTUALIZAR MAPAS GPS ¿POR QUÉ ACTUALIZAR LOS MAPAS? Tu sistema de navegación necesita datos de mapas actualizados para funcionar de forma óptima. Para ello, PEUGEOT te ofrece actualizar de forma regular sus mapas. Te invitamos a conectarte desde un ordenador para actualizar tu sistema de navegación o cartografía. Por favor introduzca su número VIN * Introduzca su código VIN * El número de identificación del vehículo (VIN) está indicado en su tarjeta de registro. Debe constar de 17 caracteres que comiencen con VF3 o VR3. OK UNA RED VIAL EN CONTINUA EVOLUCIÓN Cada día se construyen y modifican carreteras, se extienden las zonas peatonales de las ciudades y los coches ya no pueden acceder a algunas calles. Esas modificaciones impactan en el itinerario seleccionado por tu sistema de navegación y, por ello, necesitas mantenerlo actualizado. TRAYECTOS OPTIMIZADOS Para una guía óptima, actualiza regularmente el mapa en tu sistema de navegación. Al hacerlo, ahorrarás un tiempo inestimable recorriendo menos kilómetros hasta llegar a tu destino. ENCONTRÁ TU TALLER Solicitá una cita online MÁS INFORMACIÓN"
https://www.peugeot.com.ar/comprar/movilidad-y-conectividad/mypeugeot-app.html,200,MyPeugeot | La aplicación mobile de tu Peugeot,"Descubrí la aplicación MyPeugeot, disponible en iOS y Android. Descargá la nueva aplicación gratis y disfrutá de la experiencia de manejar un PEUGEOT.",,https://www.peugeot.com.ar/comprar/movilidad-y-conectividad/mypeugeot-app.html,,,,,493,64,23,"MY PEUGEOT APP Con la aplicación MyPeugeot, disponible de forma gratuita en iOS y Android, accedé a tu espacio personal, a todos los servicios conectados y a todos los detalles sobre tu conducción y tu vehículo, todo en un mismo espacio y en tiempo real. Descargá la nueva aplicación gratis y disfrutá de la experiencia de manejar un PEUGEOT. MY PEUGEOT EN APP STORE MY PEUGEOT EN GOOGLE PLAY LO ESENCIAL, EN CUALQUIER MOMENTO El nivel de autonomía y las estadísticas de conducción aparecerán en la pantalla de inicio. Ubicá tu vehículo y facilitá el regreso al lugar de estacionamiento o seguí tu itinerario a pie hasta tu lugar de destino. ¿Necesitás ayuda? Ponete en contacto con tu Punto de Venta, el Centro de Atención al Cliente o el servicio de Asistencia Peugeot. También podés rastrear el remolque en tiempo real con la función de asistencia en ruta. GESTIONÁ TUS CONSUMOS Todas tus estadísticas de conducción están disponibles de forma inmediata en tu smartphone. Podés consultar toda la información de consumo de combustible y/o electricidad, el coste de uso, la duración total de tus viajes, etc. ¿Sos un usuario profesional y usás tu vehículo para tu trabajo? Simplificá la vida…"
https://www.peugeot.com.ar/comprar/movilidad-y-conectividad/peugeot-assistance.html,200,Peugeot Assistance | Sevicios Peugeot,Descubrí todos los servicios de Peugeot Assistance. Beneficiate con Peugeot Assistance en caso de inmovilización del vehículo.,PEUGEOT ASSISTANCE: PODÉS CONTAR CON NOSOTROS,https://www.peugeot.com.ar/servicios-de-mantenimiento/asistencia-y-garantias/peugeot-assistance.html,,,,,276,67,22,"PEUGEOT ASSISTANCE PEUGEOT ASSISTANCE: PODÉS CONTAR CON NOSOTROS Beneficiate con Peugeot Assistance en caso de inmovilización del vehículo por avería o accidente. Todos los vehículos Peugeot se benefician de la asistencia Peugeot hasta los 8 años de patentado. DESCARGAR INFORMACIÓN PEUGEOT ASSISTANCE Válido para vehículos en garantía Peugeot Assistance interviene para: Avería del vehículo, por falla eléctrica o mecánica. Accidente Carga de Batería Pérdida de llaves Error de combustible Neumático pinchado y/o avería Remoción del vehículo Peugeot se compromete a hacer todo lo posible para ayudarlo en una intervención in situ o accionar un remolque a un service autorizado de la red oficial. CONTACTÁ A UN ASESOR CONTACTÁ A UN CONCESIONARIO CAR ACCIDENT MANAGEMENT Es un servicio de remolque gratuito para vehículos inmovilizados hasta el octavo año de la unidad. El servicio consiste en remolcar al Servicio Oficial más cercano aquellos vehículos inmovilizados por causas mecánicas, accidente o pérdida de llaves, las 24h, los 365 días. Una vez remolcado el vehículo, el concesionario hará un presupuesto para la reparación que podrá ser aceptada o no por el cliente. Todo cliente Peugeot…"
https://www.peugeot.com.ar/comprar/movilidad-y-conectividad/peugeot-navigation.html,200,VEHÍCULOS CONECTADOS,Vehículos conectados: mayor seguridad y mayor placer,VEHÍCULOS CONECTADOS,https://www.peugeot.com.ar/comprar/movilidad-y-conectividad/peugeot-navigation.html,,,,,809,64,20,"VEHÍCULOS CONECTADOS Vehículos conectados: mayor seguridad y mayor placer MIRROR SCREEN Gracias a Mirror Screen, utilice las apps y funcionalidades de su smartphone directamente sobre la pantalla táctil de su Peugeot, con toda seguridad. MIRROR SCREEN Esta tecnología permite duplicar o trasladar la pantalla de tu smartphone a la pantalla multifunción de 10"". De este modo, controlás tu smartphone desde la pantalla táctil y accedés de forma sencilla a sus funcionalidades, su contenido multimedia y sus aplicaciones de ayuda a la conducción. MÁS INFORMACIÓN MirrorLink® MirrorLink® disponible hasta mayo de 2021 te permite usar las aplicaciones siempre que sean compatibles de tu smartphone si es compatible de forma más fácil y segura en la pantalla de tu vehículo con una interfaz diseñada para que la uses mientras conduces: navegación asistente de conducción, música, telefonía, etc. Las aplicaciones se abren en el smartphone, pero se muestran en la pantalla de tu vehículo y el sonido se escucha a través del sistema de audio integrado en el vehículo. Puedes replicar toda una gama de las aplicaciones que uses a diario en un formato que te permite interactuar con ellas de forma segura…"
https://www.peugeot.com.ar/comprar/servicios-conectados.html,200,Servicios Conectados | Peugeot Argentina,"Peugeot Connect Apps, & SOS | Packs Servicios Conectados","A BORDO, ESTÁS CONECTADO",,,,,,610,64,26,"SERVICIOS CONECTADOS SERVICIOS CONECTADOS PEUGEOT SERVICIOS CONECTADOS TRANSFORMÁ LA MANERA EN QUE INTERACTÚAS CON TU VEHÍCULO, OFRECIENDO MAYOR TECNOLOGÍA PARA UNA CONDUCCIÓN MÁS SEGURA, CONFORTABLE Y CONECTADA. PERMITIENDO CONOCER EL ESTADO DEL VEHÍCULO E INTERACTUAR EN FORMA REMOTA Y EN TIEMPO REAL. Los vehículos (i) Consulta con tu concesionario las versiones que incluyen el nuevo servicio son: 208 ALLURE PK T200 Y 208 GT T200 - MODELOS AM26 Y TODA LA GAMA 2008 (ICE) - MODELOS AM26 CALL CENTER SERVICIOS CONECTADOS: 0800 777 2121 CALL CENTER DE RASTREO POR ROBO: 0800 777 2525 VIVÍ LAS ÚLTIMAS EXPERIENCIAS CONECTADAS Mantené el control total con acceso a una variedad de funciones inteligentes diseñadas para facilitar tu conducción y tu vida diaria. Elegí entre dos paquetes de servicios conectados especiales, hechos a tu medida. DESCUBRE TODO A BORDO, ESTÁS CONECTADO A bordo de tu Peugeot, sus servicios conectados te acompañan cuando te movés. Integrados en el sistema digital o incluso a través de la aplicación MyPeugeot, te mantienen al día con información útil durante cada uno de tus viajes. CON CONNECT ONE INTERACCIONES DE INFORMACIÓN OPERACIONES REMOTAS Accionar la bocina,…"
https://www.peugeot.com.ar/enlaces/concesionarios.html,200,Encontrar un Concesionario | Peugeot Argentina,Encontrá un Concesionario Peugeot cerca tuyo para comenzar tu viaje de la mejor manera. Simplemente usá nuestro buscador de ubicación para encontrar un concesionario cerca tuyo y ponete en contacto hoy.,,https://www.peugeot.com.ar/enlaces/concesionarios.html,,,,,426,64,19,"Señal de abuso Contenido inapropiado Por favor seleccione alguna de las razones más abajo The assertion is contrary to the law, contains inappropriate, offensive, defamatory, threatening, obscene language. The assertion concerns something other than the Vehicle or the Service (examples of rejection: quality of service of the Point of Sale, documentation, warranty policy, complaint, request for information, etc.) or is incompatible with the service concerned (purchase of a vehicle when it is a workshop intervention or a workshop intervention when it is a vehicle purchase). The assertion is incomprehensible (a sequence of words without any meaning, content badly written to the point of incomprehension, written in another language) The assertion includes a call for legal action or contains statements that could result in the civil or criminal liability of the Point of Sale or Automobiles Citroën/Peugeot/DS. The assertion contains information relating to privacy (nominative citation of third parties without their explicit agreement, comments on physical appearance or personality, etc.) or confidential information (telephone numbers, addresses, emails, VIN, registration, customer file…"
https://www.peugeot.com.ar/enlaces/concesionarios.html?lcdv16=1PP2A5LJUJB0A0E0,200,Encontrar un Concesionario | Peugeot Argentina,Encontrá un Concesionario Peugeot cerca tuyo para comenzar tu viaje de la mejor manera. Simplemente usá nuestro buscador de ubicación para encontrar un concesionario cerca tuyo y ponete en contacto hoy.,,https://www.peugeot.com.ar/enlaces/concesionarios.html,,,,,426,64,19,"Señal de abuso Contenido inapropiado Por favor seleccione alguna de las razones más abajo The assertion is contrary to the law, contains inappropriate, offensive, defamatory, threatening, obscene language. The assertion concerns something other than the Vehicle or the Service (examples of rejection: quality of service of the Point of Sale, documentation, warranty policy, complaint, request for information, etc.) or is incompatible with the service concerned (purchase of a vehicle when it is a workshop intervention or a workshop intervention when it is a vehicle purchase). The assertion is incomprehensible (a sequence of words without any meaning, content badly written to the point of incomprehension, written in another language) The assertion includes a call for legal action or contains statements that could result in the civil or criminal liability of the Point of Sale or Automobiles Citroën/Peugeot/DS. The assertion contains information relating to privacy (nominative citation of third parties without their explicit agreement, comments on physical appearance or personality, etc.) or confidential information (telephone numbers, addresses, emails, VIN, registration, customer file…"
https://www.peugeot.com.ar/enlaces/concesionarios.html?lcdv16=2PK0F3MKZ6GCO6E0,200,Encontrar un Concesionario | Peugeot Argentina,Encontrá un Concesionario Peugeot cerca tuyo para comenzar tu viaje de la mejor manera. Simplemente usá nuestro buscador de ubicación para encontrar un concesionario cerca tuyo y ponete en contacto hoy.,,https://www.peugeot.com.ar/enlaces/concesionarios.html,,,,,426,64,19,"Señal de abuso Contenido inapropiado Por favor seleccione alguna de las razones más abajo The assertion is contrary to the law, contains inappropriate, offensive, defamatory, threatening, obscene language. The assertion concerns something other than the Vehicle or the Service (examples of rejection: quality of service of the Point of Sale, documentation, warranty policy, complaint, request for information, etc.) or is incompatible with the service concerned (purchase of a vehicle when it is a workshop intervention or a workshop intervention when it is a vehicle purchase). The assertion is incomprehensible (a sequence of words without any meaning, content badly written to the point of incomprehension, written in another language) The assertion includes a call for legal action or contains statements that could result in the civil or criminal liability of the Point of Sale or Automobiles Citroën/Peugeot/DS. The assertion contains information relating to privacy (nominative citation of third parties without their explicit agreement, comments on physical appearance or personality, etc.) or confidential information (telephone numbers, addresses, emails, VIN, registration, customer file…"
https://www.peugeot.com.ar/enlaces/concesionarios.html?lcdv16=2PK91ANL5KB0A054,200,Encontrar un Concesionario | Peugeot Argentina,Encontrá un Concesionario Peugeot cerca tuyo para comenzar tu viaje de la mejor manera. Simplemente usá nuestro buscador de ubicación para encontrar un concesionario cerca tuyo y ponete en contacto hoy.,,https://www.peugeot.com.ar/enlaces/concesionarios.html,,,,,426,64,19,"Señal de abuso Contenido inapropiado Por favor seleccione alguna de las razones más abajo The assertion is contrary to the law, contains inappropriate, offensive, defamatory, threatening, obscene language. The assertion concerns something other than the Vehicle or the Service (examples of rejection: quality of service of the Point of Sale, documentation, warranty policy, complaint, request for information, etc.) or is incompatible with the service concerned (purchase of a vehicle when it is a workshop intervention or a workshop intervention when it is a vehicle purchase). The assertion is incomprehensible (a sequence of words without any meaning, content badly written to the point of incomprehension, written in another language) The assertion includes a call for legal action or contains statements that could result in the civil or criminal liability of the Point of Sale or Automobiles Citroën/Peugeot/DS. The assertion contains information relating to privacy (nominative citation of third parties without their explicit agreement, comments on physical appearance or personality, etc.) or confidential information (telephone numbers, addresses, emails, VIN, registration, customer file…"
https://www.peugeot.com.ar/enlaces/concesionarios.html?lcdv16=2PU93GHDQ630A0D0,200,Encontrar un Concesionario | Peugeot Argentina,Encontrá un Concesionario Peugeot cerca tuyo para comenzar tu viaje de la mejor manera. Simplemente usá nuestro buscador de ubicación para encontrar un concesionario cerca tuyo y ponete en contacto hoy.,,https://www.peugeot.com.ar/enlaces/concesionarios.html,,,,,426,64,19,"Señal de abuso Contenido inapropiado Por favor seleccione alguna de las razones más abajo The assertion is contrary to the law, contains inappropriate, offensive, defamatory, threatening, obscene language. The assertion concerns something other than the Vehicle or the Service (examples of rejection: quality of service of the Point of Sale, documentation, warranty policy, complaint, request for information, etc.) or is incompatible with the service concerned (purchase of a vehicle when it is a workshop intervention or a workshop intervention when it is a vehicle purchase). The assertion is incomprehensible (a sequence of words without any meaning, content badly written to the point of incomprehension, written in another language) The assertion includes a call for legal action or contains statements that could result in the civil or criminal liability of the Point of Sale or Automobiles Citroën/Peugeot/DS. The assertion contains information relating to privacy (nominative citation of third parties without their explicit agreement, comments on physical appearance or personality, etc.) or confidential information (telephone numbers, addresses, emails, VIN, registration, customer file…"
https://www.peugeot.com.ar/enlaces/fichas-tecnicas.html,200,"Fichas técnicas, catálogos y manuales de modelos Peugeot","Accedé a todas las características técnicas, equipamiento y dimensiones sobre el modelo Peugeot de tu elección descargando nuestros catálogos online.",DESCARGAR FICHAS TÉCNICAS Y MANUALES DE VEHÍCULOS PEUGEOT,https://www.peugeot.com.ar/enlaces/fichas-tecnicas.html,,,,,196,112,19,FICHAS TÉCNICAS Y MANUALES FICHAS TÉCNICAS Y MANUALES DESCARGAR FICHAS TÉCNICAS Y MANUALES DE VEHÍCULOS PEUGEOT Accedé a toda la información sobre el modelo Peugeot de tu elección descargando nuestros catálogos online. 208 FICHA TÉCNICA 208 DESCARGAR MANUAL AM25.5 DESCARGAR MANUAL AM26 ETIQUETA DE CONSUMO 208 FICHA TÉCNICA 208 DESCARGAR MANUAL AM25.5 DESCARGAR MANUAL AM26 ETIQUETA DE CONSUMO 2008 FICHA TÉCNICA 2008 DESCARGAR MANUAL ETIQUETA DE CONSUMO 2008 FICHA TÉCNICA 2008 DESCARGAR MANUAL ETIQUETA DE CONSUMO NUEVO 3008 FICHA TÉCNICA 3008 NUEVO 3 008 FICHA TÉCNICA 3008 NUEVO 5008 FICHA TÉCNICA 5008 NUEVO 5008 FICHA TÉCNICA 5008 PARTNER FICHA TÉCNICA PARTNER DESCARGAR MANUAL ETIQUETA DE CONSUMO PARTNER FICHA TÉCNICA PARTNER DESCARGAR MANUAL ETIQUETA DE CONSUMO EXPERT FICHA TÉCNICA EXPERT ETIQUETA DE CONSUMO EXPERT FICHA TÉCNICA EXPERT ETIQUETA DE CONSUMO BOXER FICHA TÉCNICA BOXER ETIQUETA DE CONSUMO BOXER FICHA TÉCNICA BOXER ETIQUETA DE CONSUMO NUEVO 208 FICHA TÉCNICA NUEVO 208 DESCARGAR MANUAL AM25.5 DESCARGAR MANUAL AM26 ETIQUETA DE CONSUMO NUEVO 2008 FICHA TÉCNICA 2008 DESCARGAR MANUAL ETIQUETA DE CONSUMO PARTNER CONFORT FICHA TÉCNICA PARTNER DESCARGAR MANUAL ETIQUETA DE…
https://www.peugeot.com.ar/enlaces/fichas-tecnicas.html?lcdv16=1PP2A5LJUJB0A0E0,200,"Fichas técnicas, catálogos y manuales de modelos Peugeot","Accedé a todas las características técnicas, equipamiento y dimensiones sobre el modelo Peugeot de tu elección descargando nuestros catálogos online.",DESCARGAR FICHAS TÉCNICAS Y MANUALES DE VEHÍCULOS PEUGEOT,https://www.peugeot.com.ar/enlaces/fichas-tecnicas.html,,,,,196,112,19,FICHAS TÉCNICAS Y MANUALES FICHAS TÉCNICAS Y MANUALES DESCARGAR FICHAS TÉCNICAS Y MANUALES DE VEHÍCULOS PEUGEOT Accedé a toda la información sobre el modelo Peugeot de tu elección descargando nuestros catálogos online. 208 FICHA TÉCNICA 208 DESCARGAR MANUAL AM25.5 DESCARGAR MANUAL AM26 ETIQUETA DE CONSUMO 208 FICHA TÉCNICA 208 DESCARGAR MANUAL AM25.5 DESCARGAR MANUAL AM26 ETIQUETA DE CONSUMO 2008 FICHA TÉCNICA 2008 DESCARGAR MANUAL ETIQUETA DE CONSUMO 2008 FICHA TÉCNICA 2008 DESCARGAR MANUAL ETIQUETA DE CONSUMO NUEVO 3008 FICHA TÉCNICA 3008 NUEVO 3 008 FICHA TÉCNICA 3008 NUEVO 5008 FICHA TÉCNICA 5008 NUEVO 5008 FICHA TÉCNICA 5008 PARTNER FICHA TÉCNICA PARTNER DESCARGAR MANUAL ETIQUETA DE CONSUMO PARTNER FICHA TÉCNICA PARTNER DESCARGAR MANUAL ETIQUETA DE CONSUMO EXPERT FICHA TÉCNICA EXPERT ETIQUETA DE CONSUMO EXPERT FICHA TÉCNICA EXPERT ETIQUETA DE CONSUMO BOXER FICHA TÉCNICA BOXER ETIQUETA DE CONSUMO BOXER FICHA TÉCNICA BOXER ETIQUETA DE CONSUMO NUEVO 208 FICHA TÉCNICA NUEVO 208 DESCARGAR MANUAL AM25.5 DESCARGAR MANUAL AM26 ETIQUETA DE CONSUMO NUEVO 2008 FICHA TÉCNICA 2008 DESCARGAR MANUAL ETIQUETA DE CONSUMO PARTNER CONFORT FICHA TÉCNICA PARTNER DESCARGAR MANUAL ETIQUETA DE…
https://www.peugeot.com.ar/enlaces/fichas-tecnicas.html?lcdv16=2PK0F3MKZ6GCO6E0,200,"Fichas técnicas, catálogos y manuales de modelos Peugeot","Accedé a todas las características técnicas, equipamiento y dimensiones sobre el modelo Peugeot de tu elección descargando nuestros catálogos online.",DESCARGAR FICHAS TÉCNICAS Y MANUALES DE VEHÍCULOS PEUGEOT,https://www.peugeot.com.ar/enlaces/fichas-tecnicas.html,,,,,196,112,19,FICHAS TÉCNICAS Y MANUALES FICHAS TÉCNICAS Y MANUALES DESCARGAR FICHAS TÉCNICAS Y MANUALES DE VEHÍCULOS PEUGEOT Accedé a toda la información sobre el modelo Peugeot de tu elección descargando nuestros catálogos online. 208 FICHA TÉCNICA 208 DESCARGAR MANUAL AM25.5 DESCARGAR MANUAL AM26 ETIQUETA DE CONSUMO 208 FICHA TÉCNICA 208 DESCARGAR MANUAL AM25.5 DESCARGAR MANUAL AM26 ETIQUETA DE CONSUMO 2008 FICHA TÉCNICA 2008 DESCARGAR MANUAL ETIQUETA DE CONSUMO 2008 FICHA TÉCNICA 2008 DESCARGAR MANUAL ETIQUETA DE CONSUMO NUEVO 3008 FICHA TÉCNICA 3008 NUEVO 3 008 FICHA TÉCNICA 3008 NUEVO 5008 FICHA TÉCNICA 5008 NUEVO 5008 FICHA TÉCNICA 5008 PARTNER FICHA TÉCNICA PARTNER DESCARGAR MANUAL ETIQUETA DE CONSUMO PARTNER FICHA TÉCNICA PARTNER DESCARGAR MANUAL ETIQUETA DE CONSUMO EXPERT FICHA TÉCNICA EXPERT ETIQUETA DE CONSUMO EXPERT FICHA TÉCNICA EXPERT ETIQUETA DE CONSUMO BOXER FICHA TÉCNICA BOXER ETIQUETA DE CONSUMO BOXER FICHA TÉCNICA BOXER ETIQUETA DE CONSUMO NUEVO 208 FICHA TÉCNICA NUEVO 208 DESCARGAR MANUAL AM25.5 DESCARGAR MANUAL AM26 ETIQUETA DE CONSUMO NUEVO 2008 FICHA TÉCNICA 2008 DESCARGAR MANUAL ETIQUETA DE CONSUMO PARTNER CONFORT FICHA TÉCNICA PARTNER DESCARGAR MANUAL ETIQUETA DE…
https://www.peugeot.com.ar/enlaces/fichas-tecnicas.html?lcdv16=2PK91ANL5KB0A054,200,"Fichas técnicas, catálogos y manuales de modelos Peugeot","Accedé a todas las características técnicas, equipamiento y dimensiones sobre el modelo Peugeot de tu elección descargando nuestros catálogos online.",DESCARGAR FICHAS TÉCNICAS Y MANUALES DE VEHÍCULOS PEUGEOT,https://www.peugeot.com.ar/enlaces/fichas-tecnicas.html,,,,,196,112,19,FICHAS TÉCNICAS Y MANUALES FICHAS TÉCNICAS Y MANUALES DESCARGAR FICHAS TÉCNICAS Y MANUALES DE VEHÍCULOS PEUGEOT Accedé a toda la información sobre el modelo Peugeot de tu elección descargando nuestros catálogos online. 208 FICHA TÉCNICA 208 DESCARGAR MANUAL AM25.5 DESCARGAR MANUAL AM26 ETIQUETA DE CONSUMO 208 FICHA TÉCNICA 208 DESCARGAR MANUAL AM25.5 DESCARGAR MANUAL AM26 ETIQUETA DE CONSUMO 2008 FICHA TÉCNICA 2008 DESCARGAR MANUAL ETIQUETA DE CONSUMO 2008 FICHA TÉCNICA 2008 DESCARGAR MANUAL ETIQUETA DE CONSUMO NUEVO 3008 FICHA TÉCNICA 3008 NUEVO 3 008 FICHA TÉCNICA 3008 NUEVO 5008 FICHA TÉCNICA 5008 NUEVO 5008 FICHA TÉCNICA 5008 PARTNER FICHA TÉCNICA PARTNER DESCARGAR MANUAL ETIQUETA DE CONSUMO PARTNER FICHA TÉCNICA PARTNER DESCARGAR MANUAL ETIQUETA DE CONSUMO EXPERT FICHA TÉCNICA EXPERT ETIQUETA DE CONSUMO EXPERT FICHA TÉCNICA EXPERT ETIQUETA DE CONSUMO BOXER FICHA TÉCNICA BOXER ETIQUETA DE CONSUMO BOXER FICHA TÉCNICA BOXER ETIQUETA DE CONSUMO NUEVO 208 FICHA TÉCNICA NUEVO 208 DESCARGAR MANUAL AM25.5 DESCARGAR MANUAL AM26 ETIQUETA DE CONSUMO NUEVO 2008 FICHA TÉCNICA 2008 DESCARGAR MANUAL ETIQUETA DE CONSUMO PARTNER CONFORT FICHA TÉCNICA PARTNER DESCARGAR MANUAL ETIQUETA DE…
https://www.peugeot.com.ar/enlaces/fichas-tecnicas.html?lcdv16=2PU93GHDQ630A0D0,200,"Fichas técnicas, catálogos y manuales de modelos Peugeot","Accedé a todas las características técnicas, equipamiento y dimensiones sobre el modelo Peugeot de tu elección descargando nuestros catálogos online.",DESCARGAR FICHAS TÉCNICAS Y MANUALES DE VEHÍCULOS PEUGEOT,https://www.peugeot.com.ar/enlaces/fichas-tecnicas.html,,,,,196,112,19,FICHAS TÉCNICAS Y MANUALES FICHAS TÉCNICAS Y MANUALES DESCARGAR FICHAS TÉCNICAS Y MANUALES DE VEHÍCULOS PEUGEOT Accedé a toda la información sobre el modelo Peugeot de tu elección descargando nuestros catálogos online. 208 FICHA TÉCNICA 208 DESCARGAR MANUAL AM25.5 DESCARGAR MANUAL AM26 ETIQUETA DE CONSUMO 208 FICHA TÉCNICA 208 DESCARGAR MANUAL AM25.5 DESCARGAR MANUAL AM26 ETIQUETA DE CONSUMO 2008 FICHA TÉCNICA 2008 DESCARGAR MANUAL ETIQUETA DE CONSUMO 2008 FICHA TÉCNICA 2008 DESCARGAR MANUAL ETIQUETA DE CONSUMO NUEVO 3008 FICHA TÉCNICA 3008 NUEVO 3 008 FICHA TÉCNICA 3008 NUEVO 5008 FICHA TÉCNICA 5008 NUEVO 5008 FICHA TÉCNICA 5008 PARTNER FICHA TÉCNICA PARTNER DESCARGAR MANUAL ETIQUETA DE CONSUMO PARTNER FICHA TÉCNICA PARTNER DESCARGAR MANUAL ETIQUETA DE CONSUMO EXPERT FICHA TÉCNICA EXPERT ETIQUETA DE CONSUMO EXPERT FICHA TÉCNICA EXPERT ETIQUETA DE CONSUMO BOXER FICHA TÉCNICA BOXER ETIQUETA DE CONSUMO BOXER FICHA TÉCNICA BOXER ETIQUETA DE CONSUMO NUEVO 208 FICHA TÉCNICA NUEVO 208 DESCARGAR MANUAL AM25.5 DESCARGAR MANUAL AM26 ETIQUETA DE CONSUMO NUEVO 2008 FICHA TÉCNICA 2008 DESCARGAR MANUAL ETIQUETA DE CONSUMO PARTNER CONFORT FICHA TÉCNICA PARTNER DESCARGAR MANUAL ETIQUETA DE…
https://www.peugeot.com.ar/enlaces/legales-y-condiciones-comerciales-financiacion.html,200,Nota Legal,Información legales en el sitio peugeot.ar,,https://www.peugeot.com.ar/enlaces/nota-legal.html,,,,,580,64,28,"FINANCIACIÓN FINANCIACIÓN 208 Cartera de consumo. Promoción válida en la República Argentina en toda la red de Concesionarios Oficiales de Peugeot para los modelos 208 GT T200 AM26, del 08/09/2025 al 30/09/2025 o hasta agotar stock de 200 unidades. Sujeto a aprobación crediticia de PSA FINANCE ARGENTINA COMPAÑÍA FINANCIERA S.A. LOS ACCIONISTAS DE PSA FINANCE ARGENTINA COMPAÑÍA FINANCIERA S.A. LIMITAN SU RESPONSABILIDAD A LA INTEGRACIÓN DE ACCIONES SUSCRIPTAS SEGUN LEY 19.550 Y LEY 25.738. CUIT: 30-70784736-7. Carlos M. Della Paolera 265, piso 22 - C1001 CABA. TASA NOMINAL ANUAL (TNA): 0%, TASA EFECTIVA ANUAL (TEA): 0%. CFTEA (Costo Financiero Total Efectivo Anual) 25,27%. PARA MÁS INFORMACIÓN Y CONDICIONES O LIMITACIONES APLICABLES, CONSULTA EN: https://www.psafinance.com.ar/psa-portal/#/promociones-mes/pgt . CONTACTAR ASESOR 2008 Cartera de consumo. Promoción válida en la República Argentina en toda la red de Concesionarios Oficiales de Peugeot para los modelos 2008 GT T200 AM26 del 08/09/2025 al 30/09/2025 o hasta agotar stock de 200 unidades. Sujeto a aprobación crediticia de PSA FINANCE ARGENTINA COMPAÑÍA FINANCIERA S.A. LOS ACCIONISTAS DE PSA FINANCE ARGENTINA COMPAÑÍA…"
https://www.peugeot.com.ar/enlaces/nota-legal.html,200,Nota Legal,Información legales en el sitio peugeot.ar,INFORMACIONES LEGALES,https://www.peugeot.com.ar/enlaces/nota-legal.html,,,,,576,64,19,"NOTA LEGAL INFORMACIONES LEGALES 1. INFORMACIÓN GENERAL Peugeot Citroën Argentina S.A. (en adelante “PCA”) no solicita información personal alguna (nombre, dirección, número telefónico, dirección de E-mail u otra información de contacto o entorno familiar y profesional) a no ser de que Ud. como usuario de este sitio la entregue de manera voluntaria. La información personal ingresada será utilizada para efectos de comunicación comercial y seguimiento de pre y post venta y así también para contactarlo para propósitos de Marketing. El responsable de la base de datos con los datos personales de los usuarios que éstos entreguen de manera voluntaria por medio de la presente página web es PEUGEOT CITROËN ARGENTINA S.A. con domicilio en Pte Peron 1001, Villa Bosch, Argentina. PCA podría llegar a compartir esta información con empresas de su Red Internacional así como también con su Red de Concesionarios y Agentes a lo largo de la Argentina. 2. INFORMACIÓN ANÓNIMA Peugeot Argentina S.A. podría colectar información anónima no relacionada a Ud. como usuario directamente; por ejemplo, el tipo de Web Browser utilizado para navegar en Internet o la ubicación de algún elemento de publicidad…"
https://www.peugeot.com.ar/enlaces/politica-de-privacidad.html,200,Nuestra política de privacidad,Información general sobre la protección de datos y el uso de cookies en nuestro sitios web,POLÍTICA DE PRIVACIDAD,https://www.peugeot.com.ar/enlaces/politica-de-privacidad.html,,,,,2058,65,19,"POLÍTICA DE PRIVACIDAD POLÍTICAS DE PRIVACIDAD Esta política de privacidad fue actualizada por última vez el 10/5/2024. PEUGEOT CITROEN ARGENTINA S.A. CUIT 30-50474453-8 (en adelante y en conjunto a los fines de la presente, ""STELLANTIS"") está comprometida con su privacidad. La protección de la privacidad y los datos del público refleja los valores de STELLANTIS y reafirma su compromiso de mejorar continuamente la eficacia del proceso de protección de datos. En consecuencia, STELLANTIS presenta esta política de privacidad (""Política de Privacidad""), cuyo objetivo es informarle, de forma sencilla y transparente, cómo se tratan sus datos personales (los ""Usuarios""), desde su recogida hasta su eliminación. Es importante que lea y comprenda estas normas, que deben interpretarse juntamente con otras disposiciones aplicables, especialmente las derivadas de la legislación vigente. Si no está de acuerdo con alguna de las disposiciones de esta política de privacidad o tiene alguna pregunta sobre el tratamiento de sus datos por parte de STELLANTIS, póngase en contacto con el encargado de la protección de datos de STELLANTIS en https://www.peugeot.com.ar/ o al correo electrónico…"
https://www.peugeot.com.ar/gama/2008.html,200,2008 | Dejá que la inspiración te guíe | Peugeot Argentina,"El SUV compacto Peugeot 2008 llega para reinventar los códigos de los SUV: Firma de luces delantera y trasera, llantas de aleación y una parrilla ensanchada para conseguir un frente aún más poderoso y atractivo.","PEUGEOT 2008 ACTITUD, DISEÑO Y SOFISTICACIÓN",,,,,,1030,67,26,"2008 DEJÁ QUE LA INSPIRACIÓN TE GUÍE 2008 DEJÁ QUE LA INSPIRACIÓN TE GUÍE PEUGEOT 2008 ACTITUD, DISEÑO Y SOFISTICACIÓN El SUV compacto Peugeot 2008 llega para reinventar los códigos de los SUV: Firma de luces delantera y trasera, llantas de aleación y una parrilla ensanchada para conseguir un frente aún más poderoso y atractivo. PEUGEOT 2008 ACTITUD, DISEÑO Y SOFISTICACIÓN El SUV compacto Peugeot 2008 llega para reinventar los códigos de los SUV: Firma de luces delantera y trasera, llantas de aleación y una parrilla ensanchada para conseguir un frente aún más poderoso y atractivo. ELEGÍ TU VERSIÓN DE 2008 Elegí la versión que refleje tu personalidad y aprovechá las mejores ofertas Peugeot desde tu casa o en tu concesionario más cercano. ELEGÍ TU VERSIÓN DE 2008 Elegí la versión que refleje tu personalidad y aprovechá las mejores ofertas Peugeot desde tu casa o en tu concesionario más cercano. 2008 ACTIVE Ingresá al mundo 2008 con la versión Active, con un gran nivel de equipamiento. Con equipamiento: Faros ECO-LED Faros DRL LED exclusivos de 3 garras Llantas 17"" diamantadas Peugeot i-Cockpit con multimedia de 10"" Display de conductor digital 2D Freno de mano eléctrico Servicios…"
https://www.peugeot.com.ar/gama/208.html,200,208 | Peugeot Argentina,"El 208 se reinventa: un frente modernizado, firma lumínica renovada con la última tecnología, faros traseros LED y motor turbo.",,,,,,,1080,66,27,"208 ENDORFINA TU DÍA 208 ENDORFINA TU DÍA PEUGEOT 208 El 208 se reinventa: un frente modernizado, firma lumínica renovada con la última tecnología, faros traseros LED y motor turbo. La versión GT combina estética deportiva inigualable con equipamientos exclusivos que acentúan su perfil dinámico y lo diferencian del resto PEUGEOT 208 El 208 se reinventa: un frente modernizado, firma lumínica renovada con la última tecnología, faros traseros LED y motor turbo. La versión GT combina estética deportiva inigualable con equipamientos exclusivos que acentúan su perfil dinámico y lo diferencian del resto ELEGÍ TU VERSIÓN DE PEUGEOT Elegí la versión que refleje tu personalidad y aprovechá las mejores ofertas Peugeot desde tu casa o en tu concesionario más cercano. ELEGÍ TU VERSIÓN DE PEUGEOT Elegí la versión que refleje tu personalidad y aprovechá las mejores ofertas Peugeot desde tu casa o en tu concesionario más cercano. 208 ACTIVE Entrá en el universo Peugeot con la versión Active, que se destaca por su equilibrio entre rendimiento y eficiencia. Cuenta con el siguiente equipamiento: 4 airbags Faros halógenos Llantas 15"" con cobertor Espejos negro brillante Faros LED traseros PEUGEOT…"
https://www.peugeot.com.ar/gama/categoria/peugeot-suv.html,200,Autos SUV: descubrí todos los modelos Peugeot Argentina,"Descubrí nuestra gama SUV PEUGEOT para vos y tu familia. Dejate sorprender por la nueva tecnologia i-Cockpit®, Grip Control y Navegación 3D.",SUV para las familias modernas,https://www.peugeot.com.ar/gama/categoria/peugeot-suv.html,,,,,507,69,19,"SUV para las familias modernas SUV DESCUBRÍ EL SUV PARA VOS 2008 El SUV compacto 2008 llega para reinventar los códigos de los SUV: F irma de luces delantera y trasera, llantas de aleación y una parrilla ensanchada para conseguir un frente aún más poderoso y atractivo. DESCUBRÍ EL 2008 NUEVO 3008 DescubrÍ el nuevo 3008 con una impresionante silueta de SUV fastback y el Peugeot Panoramic i-Cockpit® de 21"" de última generación, que ofrece un placer de conducción sin precedentes. Esta nueva generación de SUV está construida sobre una plataforma conectada que revoluciona la movilidad. DESCUBRÍ EL NUEVO 3008 NUEVO 5008 Descubrí el nuevo 5008, el gran SUV de última generación, con hasta siete plazas, líneas elegantes pero robustas y el nuevo Peugeot i-Cockpit® panorámico de 21"". DESCUBRÍ EL NUEVO 5008 SUV 3008 Superar los límites de la exploración a base de tecnología. Ese es el objetivo que se han marcado 3 pilotos de drones que han partido a la conquista de un edificio desfasado a bordo de su nuevo SUV 3008. Circulando por rutas cada vez más aisladas e incluso peligrosas, el SUV ultraconectado ha resultado ser el compañero de viaje ideal en su epopeya retro-futurista. ¿El punto…"
https://www.peugeot.com.ar/gama/categoria/peugeot-urbanos.html,200,URBAN PEUGEOT,Descubrí nuestra gama URBAN PEUGEOT: ideal para tus trayectos cotidianos en la ciudad,Descubrí nuestra gama URBAN PEUGEOT,https://www.peugeot.com.ar/gama/categoria/peugeot-urbanos.html,,,,,100,67,19,"PEUGEOT URBANOS: MODERNOS Y ELEGANTES Nuestros modelos urbanos se han diseñado para la vida urbana moderna. Peugeot ofrece una selección diversa de vehículos urbanos: sus dimensiones reducidas combinadas con un diseño marcado aportan elegancia y fluidez a tus desplazamientos. Son ideales para tus trayectos cotidianos en la ciudad. Descubrí nuestra gama URBAN PEUGEOT 208 El 208 se reinventa: un frente modernizado, firma lumínica renovada con la última tecnología, faros traseros LED y motor turbo. La versión GT combina estética deportiva inigualable con equipamientos exclusivos que acentúan su perfil dinámico y lo diferencian del resto DESCUBRILO DESCUBRE NUESTROS URBANOS 208 DESCUBRILOS"
https://www.peugeot.com.ar/gama/categoria/utilitarios.html,200,Descubre los Vehículos Utilitarios Peugeot,Vehículos Utilitarios Peugeot: La gama de vehículos comerciales PEUGEOT está específicamente diseñada para profesionales y empresas.,,https://www.peugeot.com.ar/gama/categoria/utilitarios.html,,,,,190,67,19,"vehículos utilitarios Vehículos Utilitarios Priorizando el confort de los profesionales Nuestra gama de vehículos comerciales PEUGEOT está específicamente diseñada para profesionales y empresas. Satisface todas sus necesidades en términos de transporte de mercancías u objetos voluminosos. Para lograrlo, ofrecemos varios modelos de furgonetas modernas y modulares que están diseñadas para su comodidad, seguridad y productividad. Están equipados con la última tecnología para ayudarte en todos tus viajes de negocios diarios u ocasionales, sea cual sea la distancia. Dependiendo del acabado y las opciones elegidas, esto significa que puede beneficiarse de motores eléctricos o de combustión, un sistema de navegación actualizado, una toma USB para cargar su teléfono inteligente, asientos cómodos, aire acondicionado y varios sistemas de ayuda a la conducción. PARTNER CONFORT Descubrí el vehículo fabricado por profesionales con el objetivo de ser para los profesionales. DESCUBRILO EXPERT Para facilitarte el trabajo y satisfacer todas tus exigencias, vas a poder combinar el placer de conducción con el rendimiento necesario en el día a día. DESCUBRILO BOXER Gran capacidad, robusto, económico…"
https://www.peugeot.com.ar/gama/expert.html,200,Expert | Peugeot Argentina,Expert: combina placer de conducción y rendimiento. Descubrí las ventajas para facilitar el trabajo y satisfacer todas las exigencias profesionales.,NUEVA PEUGEOT EXPERT MIXTA,https://www.peugeot.com.ar/gama/peugeot-expert.html,,,,,1201,64,21,"EXPERT EXPERT NUEVA PEUGEOT EXPERT MIXTA Peugeot Expert tiene muchas ventajas para facilitar el trabajo y satisfacer todas las exigencias, combinando el placer de conducción con el rendimiento necesario en el día a día. CONOCÉ LA VERSIÓN DE EXPERT Aprovechá las mejores ofertas Peugeot desde tu casa o en tu concesionario más cercano. CONOCÉ LA VERSIÓN DE EXPERT Aprovechá las mejores ofertas Peugeot desde tu casa o en tu concesionario más cercano. Expert L3 HDI 120 - Carga Ingresá al mundo utilitario con Expert, con un gran nivel de equipamiento. Con equipamiento: Motorización 1.5L HDI de 120cv y 300 Nm Capacidad del tanque de combustible: 70 Lts Capacidad de carga: 6,1 m 3 / 1.450 kg 3 plazas Disponible en color Blanco Banquise Disponible únicamente en versión Diésel Grado 3 y caja manual de 6 velocidades. PRECIO DESDE $ 62.670.000 CONTACTAR ASESOR Nueva Expert L3 HDI 150 6P - Mixta Ingresá al mundo utilitario con Expert, con un gran nivel de equipamiento. Con equipamiento: Motorización 2.2L HDI de 150cv y 370 Nm Capacidad del tanque de combustible: 70 Lts Capacidad de carga: 4 m 3 / 1.285 kg 3 plazas para pasajeros en fila 2 Cristales sobretintados en fila 2 Disponible en colores…"
https://www.peugeot.com.ar/gama/nuevo-3008.html,200,Nuevo 3008 | Peugeot Argentina,Showroom page template for Peugeot,NUEVO 3008,,New 3008 Plug-In Hybrid,,,,926,64,22,"NUEVO 3008 NUEVO 3008 NUEVO PEUGEOT 3008 SUV FASTBACK DE ÚLTIMA GENERACIÓN DescubrÍ el nuevo 3008 con una impresionante silueta de SUV fastback y el Peugeot Panoramic i-Cockpit® de 21"" de última generación, que ofrece un placer de conducción sin precedentes. Esta nueva generación de SUV está construida sobre una plataforma conectada que revoluciona la movilidad. NUEVO PEUGEOT 3008 SUV FASTBACK DE ÚLTIMA GENERACIÓN DescubrÍ el nuevo 3008 con una impresionante silueta de SUV fastback y el Peugeot Panoramic i-Cockpit® de 21"" de última generación, que ofrece un placer de conducción sin precedentes. Esta nueva generación de SUV está construida sobre una plataforma conectada que revoluciona la movilidad. CONOCÉ MÁS DEL NUEVO 3008 CONOCÉ MÁS DEL NUEVO 3008 3008 GT La versión GT es la máxima expresión del nuevo 3008. Cuenta con detalles de diseño únicos y equipamientos exclusivos tanto en el exterior como en el interior, que lo convierten en un verdadero GT. Faros Píxel LED Parrilla frontal color carrocería Techo bitono en color negro Techo panorámico corredizo Asientos de cuero Alcántara con costura GT Volante GT con levas de cambio Peugeot i-Cockpit 3D 9+ ADAS Disponible en colores…"
https://www.peugeot.com.ar/gama/nuevo-5008.html,200,Nuevo 5008 | Peugeot Argentina,Descubrí el nuevo 5008,NUEVO 5008,,New 3008 Plug-In Hybrid,,,,1058,64,22,"NUEVO 5008 NUEVO 5008 NUEVO PEUGEOT 5008 EL GRAN SUV DE ÚLTIMA GENERACIÓN DE HASTA 7 PLAZAS Descubrí el nuevo 5008, el gran SUV de última generación, con hasta siete plazas, líneas elegantes pero robustas y el nuevo Peugeot i-Cockpit® panorámico. NUEVO PEUGEOT 5008 EL GRAN SUV DE ÚLTIMA GENERACIÓN DE HASTA 7 PLAZAS Descubrí el nuevo 5008, el gran SUV de última generación, con hasta siete plazas, líneas elegantes pero robustas y el nuevo Peugeot i-Cockpit® panorámico. CONOCÉ MÁS DEL NUEVO 5008 CONOCÉ MÁS DEL NUEVO 5008 5008 GT La versión GT es la máxima expresión del nuevo 5008. Cuenta con detalles de diseño únicos y equipamientos exclusivos tanto en el exterior como en el interior, que lo convierten en un verdadero GT. Faros Píxel LED Parrilla frontal color carrocería Techo bitono en color negro Techo panorámico corredizo Asientos de cuero Alcántara con costura GT Volante GT con levas de cambio Peugeot i-Cockpit 3D 9+ ADAS Disponible en colores Negro Perla, Gris Artense, Azul Obsession, Gris Titanium, Azul Ingaro y Blanco Okenite Disponible únicamente en versión nafta con motor THP y caja automática de 6 velocidades. PRECIO DESDE $ 28.390.000 PRECIO DESDE $ 41.410.000 Precio sin…"
https://www.peugeot.com.ar/gama/peugeot-boxer.html,200,Boxer | Peugeot Argentina,"Descubrí el Boxer: el vehículo utilitario de Peugeot de mayor capacidad, robusto, económico y adaptable a tu negocio.",NUEVA PEUGEOT BOXER,https://www.peugeot.com.ar/gama/peugeot-boxer.html,,,,,868,64,23,"BOXER BOXER NUEVA PEUGEOT BOXER Boxer, es el vehículo utilitario de la marca de mayor capacidad, robusto, económico y adaptable a tu negocio. Diseñado y equipado para responder de manera duradera a las exigencias de los profesionales. NUEVA PEUGEOT BOXER Boxer, es el vehículo utilitario de la marca de mayor capacidad, robusto, económico y adaptable a tu negocio. Diseñado y equipado para responder de manera duradera a las exigencias de los profesionales. CONOCÉ LAS VERSIONES DE BOXER Aprovechá las mejores ofertas Peugeot desde tu casa o en tu concesionario más cercano. CONOCÉ LAS VERSIONES DE BOXER Aprovechá las mejores ofertas Peugeot desde tu casa o en tu concesionario más cercano. Boxer L2H2 HDI 140 Ingresá al mundo utilitario con Boxer, con un gran nivel de equipamiento. Nueva motorizacion 2.2 L HDI 140 CV y 350 Nm Capacidad de carga: hasta 11,5 m 3 / 1.310 kg Capacidad del tanque: 90 L Sensores de estacionamiento Airbags delanteros Cross Wind Assist Post Collision Braking system Sistema de monitoreo indirecto de neumáticos Trailer Stability Control system Disponible en color Blanco ICY Disponible únicamente en versión Diésel Grado 3 y caja manual de 6 velocidades. PRECIO DESDE…"
https://www.peugeot.com.ar/gama/peugeot-partner-furgon.html,200,PEUGEOT PARTNER CONFORT | Peugeot Argentina,"Descubrí nuestro modelo Peugeot Confort: estilo, practicidad y confort es algo que se encuentra en toda nuestra gama.",PARTNER CONFORT | PEUGEOT ARGENTINA,https://www.peugeot.com.ar/gama/peugeot-partner-furgon.html,,,,,545,66,22,"PARTNER CONFORT Tu aliado de todos los días. CONTACTAR ASESOR FICHA TÉCNICA PARTNER CONFORT | PEUGEOT ARGENTINA Elegir un vehículo comercial Peugeot, es elegir algo más que un simple utilitario, es también descubrir un vehículo que encarna el espíritu Peugeot: Estilo, practicidad y confort es algo que se encuentra en toda nuestra gama. CONOCÉ LA VERSIÓN DE PARTNER CONFORT Aprovechá las mejores ofertas Peugeot desde tu casa o en tu concesionario más cercano. CONOCÉ LA VERSIÓN DE PARTNER CONFORT Aprovechá las mejores ofertas Peugeot desde tu casa o en tu concesionario más cercano. Partner Confort 1.6 HDI 92 Ingresá al mundo utilitario con Partner Confort, con un gran nivel de equipamiento. Con equipamiento: Motorización diésel HDi de 92 CV Capacidad de tanque de combustible: 55 Lts Capacidad de carga: 3 m 3 /800 kg Ganchos para sujeción de carga Disponible en color Blanco Banquise Disponible únicamente en versión Diésel Grado 3 y caja manual de 5 velocidades. PRECIO DESDE $ 28.390.000 CONTACTAR ASESOR DISEÑO FABRICADA PARA PROFESIONALES Partner Confort satisface las todas las necesidades del conductor y de su actividad. Todo está pensado para que el placer de conducir no se altere…"
https://www.peugeot.com.ar/gama/peugeot-partner-patagonica.html,200,PEUGEOT PARTNER PATAGÓNICA | Peugeot Argentina,"Descubrí el Peugeot Patagónica: con su aspecto que inspira robustez y dinamismo, Partner Patagonica afirma su pertenencia al universo de los monovolumenes.",PEUGEOT PARTNER PATAGÓNICA | PEUGEOT ARGENTINA,https://www.peugeot.com.ar/gama/peugeot-partner-patagonica.html,,,,,446,65,22,"VERSIONES Y PRECIOS PEUGEOT PARTNER PATAGÓNICA | PEUGEOT ARGENTINA Con su aspecto que inspira robustez y dinamismo, Partner Patagonica afirma su pertenencia al universo de los monovolumenes. Sus faros de vidrio liso y las protecciones reforzadas imponen un carácter robusto de confianza y solidez. DISEÑO Partner Patagónica demuestra que la belleza, el buen gusto y un atractivo innato pueden combinarse en un vehículo multiuso de gran versatilidad. Robusto y dinámico, se destaca el tratamiento frontal, con tomas de aire destacadas y ópticas con protección mucho más grandes que integran las luces de giro. Un look aventurero y diversos agregados off road sacan a relucir el lado lúdico de este vehículo. Las llantas de aleación de 15” que montan neumáticos de uso mixto refuerzan su versatilidad, invitando a descubrir nuevos caminos. A su vez, las barras de techo aumentan la practicidad para los distintos usos que se le puede dar 1. Habitabilidad y modularidad aprovechados al máximo. 2. Inigualable capacidad de baúl de 624 litros. Adicionalmente se puede lograr una capacidad de 2.800 litros con los asientos traseros rebatidos. 3. Doble puerta lateral vidriada para facilitar el acceso las…"
https://www.peugeot.com.ar/marca/estilo_e_innovacion.html,200,Estilo e Innovación | Nueva gama Peugeot,La nueva gama de Peugeot es sinónimo de máxima variedad y compromiso con el medio ambiente,ESTILO E INNOVACIÓN,https://www.peugeot.com.ar/marca/el-momento-es-ahora.html,,,,,143,68,20,"ESTILO E INNOVACIÓN DESCUBRÍ LAS INNOVACIONES PEUGEOT DISEÑO: EL NUEVO LOOK DE LA MARCA Peugeot se reinventa: frente modernizado, firma lumínica renovada con la última tecnología, nuevos faros traseros LED y nuevo motor turbo. La nueva versión GT combina estética deportiva inigualable con equipamientos exclusivos que acentúan su perfil dinámico y lo diferencian del resto i-COCKPIT® 3D Simplemente extraordinario Redescubrí el placer de manejar al mando del Peugeot i-Cockpit, con volante compacto, cuadro de instrumentos digital 3D, pantalla multimedia de 10"" y elegantes teclas de piano DISPLAY DE CONDUCTOR CONECTIVIDAD AVANZADA TECLAS DE PIANO DESCUBRÍ EL NUEVO 208 CONTACTAR ASESOR suv URBANOS DESCUBRÍ LA GAMA DESCUBRÍ LA GAMA UN MOMENTO DE TU TIEMPO Peugeot ha evolucionado y significa más que fabricar vehículos. Se trata de empoderarte para sacar más provecho de tu tiempo, más calidad y más control. LA NUEVA CARA DE PEUGEOT"
https://www.peugeot.com.ar/marca/innovacion/asistencia-a-la-conduccion.html,200,CONDUCCIÓN INTUITIVA | Disfrutá de una experiencia de conducción fuera de lo común,¡Disfrutá de una experiencia de conducción fuera de lo común! PEUGEOT pone la tecnología al servicio de tu comodidad a bordo y multiplicá las innovaciones para facilitar todos tus trayectos.,CONDUCCIÓN INTUITIVA | TECNOLOGÍAS PEUGEOT,https://www.peugeot.com.ar/marca/innovacion/asistencia-a-la-conduccion.html,,,,,142,64,19,"CONDUCCIÓN INTUITIVA CONDUCCIÓN INTUITIVA | TECNOLOGÍAS PEUGEOT CONFORT TECNOLÓGICO Descubrí las tecnologías que contribuyen activamente al confort Peugeot. PLACER SENSORIAL El León quiere ir siempre más lejos y explorar nuevos territorios sensoriales, para que conducir un Peugeot sea una experiencia verdaderamente única, inolvidable y adictiva. AYUDAS A LA SEGURIDAD Velocidad, tracción, frenado, campo de visión... Peugeot incorpora en sus vehículos muchas ayudas a la seguridad y a la conducción. INSTINCT CONCEPT, LA VISIÓN DE FUTURO DE PEUGEOT « Diseñar un coche autónomo es un reto apasionante. Es un trabajo lleno de paradojas, porque requiere combinar una conducción activa con un modo autónomo intentando siempre ser una fuente de placer y despertar emociones. El INSTINCT CONCEPT de PEUGEOT es el primer concept car autónomo que no pasa por alto el placer de ir en automóvil » Gilles Vidal, director de Estilo de PEUGEOT"
https://www.peugeot.com.ar/marca/innovacion/concept-cars.html,200,Peugeot Concept Car | Innovación en tecnología y diseño,"Descubrí la gama de Peugeot Concept Cars: eléctricos, híbridos y prototiopos que combinan materiales innovadores, diseño y tecnología.",Descubrí la gama de Peugeot Concept Cars,https://www.peugeot.com.ar/marca/innovacion/concept-cars.html,,,,,148,68,20,"CONCEPT CARS EL FUTURO ES AHORA Descubrí la gama de Peugeot Concept Cars CONCEPT PEUGEOT BOXER 4X4 Con su estilo distintivo y materiales innovadores, PEUGEOT presenta su visión intensa y excitante de un vehículo recreativo. Descubrí la Boxer 4x4! CONOCÉ MÁS 508 PEUGEOT SPORT ENGINEERED Anticipa una línea de vehículos híbridos de alto rendimiento propulsados ​​por motores electrificados, sinónimo de puro placer de conducción. CONOCÉ MÁS CONCEPT PEUGEOT E-LEGEND Porque ""aburrido"" no es parte del ADN PEUGEOT y porque la transicion de energía no va a borrar 120 años de historia automotriz...llega PEUGEOT E-LEGEND! CONOCÉ MÁS CONCEPT PEUGEOT INSTINCT Sentimiento de libertad para conducir, las sensaciones que acompañan y las emociones.... El resultado es PEUGEOT INSTINCT CONCEPT. CONOCÉ MÁS CONCEPT PEUGEOT INCEPTION ¡Descubrí INCEPTION! Te impulsa a una nueva dimensión, entre el sueño y la realidad, prometiendo intensas emociones tan pronto como te acercas a él. CONOCÉ MÁS"
https://www.peugeot.com.ar/marca/innovacion/concept-cars/concept-car-peugeot-instinct.html,200,PEUGEOT INSTINCT Concept | Vehículo híbrido autónomo de PEUGEOT,"Descubrí el Peugeot Instinct Concept: el shooting brake híbrido, aerodinámico y autónomo que se conecta gracias a la plataforma de I.o.T. en la nube",PEUGEOT INSTINCT Concept: el vehículo autónomo de PEUGEOT,https://www.peugeot.com.ar/marca/innovacion/concept-cars/concept-car-peugeot-instinct.html,,,,,1744,64,20,"PEUGEOT INSTINCT Concept: el vehículo autónomo de PEUGEOT PEUGEOT INSTINCT CONCEPT, LA LIBERTAD AUMENTADA PEUGEOT INSTINCT CONCEPT, la libertad aumentada Quién no ha soñado con un coche que te diera completa tranquilidad y controlara el entorno... Un coche que nos conociera tan bien que fuera capaz de anticiparse a todos nuestros deseos... Un coche que fuera la prolongación de nosotros mismos... Un coche capaz de eliminar cualquier obstáculo para que tu día fluya con tranquilidad... PEUGEOT se adelanta al futuro con una idea clave: la libertad. Libertad para elegir el modo de conducción, las sensaciones. Libertad de movimiento. Esta visión tiene un nombre: PEUGEOT INSTINCT CONCEPT. Internet of Things Se trata de una primicia mundial, la primera plataforma I.o.T.* aplicada al automóvil. La tecnología Samsung ARTIKTM Cloud se incorpora así a este modelo autónomo para que los datos que se recoge de los usos del vehículo formen parte de la nube del usuario. Responsive i-Cockpit El Peugeot Responsive i-Cockpit® redefine el habitáculo para adaptarse a los usos generados por la conducción autónoma. Las interfaces se configuran antes, durante y después de su uso, según el modo de…"
https://www.peugeot.com.ar/marca/innovacion/concept-cars/peugeot-508-peugeot-sport-engineered.html,200,508 PEUGEOT SPORT ENGINEERED CONCEPT CAR | El vehículo híbrido de altas prestaciones,Descubrí el 508 Peugeot Sport Engineered concept car: el hatchback deportivo híbrido combina intensidad y eficiencia para sensaciones al volante nunca vistas.,508 Peugeot Sport Engineered concept car: vehículo de altas prestaciones,https://www.peugeot.com.ar/marca/innovacion/concept-cars/peugeot-508-peugeot-sport-engineered.html,,,,,916,67,19,"508 Peugeot Sport Engineered concept car: vehículo de altas prestaciones 508 PEUGEOT SPORT ENGINEERED CONCEPT CAR 508 PEUGEOT SPORT ENGINEERED CONCEPT CAR TECNOLOGÍA POTENCIA TECNOLÓGICA El Concept 508 PEUGEOT SPORT ENGINEERED, derivado de la berlina radical PEUGEOT 508 HYBRID, anuncia una línea de coches híbridos de alta prestación con una motorización electrificada, sinónimo de puro placer. Este nuevo concept car híbrido de alto rendimiento y bajas emisiones brinda prestaciones excepcionales, nunca vistas en un PEUGEOT, y un diseño de estilo agresivo y atlético. #UnboringTheFuture Con este nuevo concept car híbrido, PEUGEOT demuestra que la electricidad es fuente de una nueva prestación inteligente, que asocia intensidad y eficiencia para disfrutar de nuevas sensaciones de conducción. A PEUGEOT SPORT se le ha confiado el desarrollo de la nueva línea de productos electrificados. Conducirlos resulta un auténtico placer. MÁS INFORMACIÓN UNA NUEVA DEPORTIVIDAD Con este nuevo concept car híbrido, PEUGEOT demuestra que la electricidad es fuente de una nueva prestación inteligente, que asocia intensidad y eficiencia para disfrutar de nuevas sensaciones de conducción. A PEUGEOT SPORT se…"
https://www.peugeot.com.ar/marca/innovacion/concept-cars/peugeot-508-peugeot-sport-engineered/video-modal.html,200,video-modal,Peugeot Modal Partial,,,,,,,0,0,0,
https://www.peugeot.com.ar/marca/innovacion/concept-cars/peugeot-boxer-4x4-concept.html,200,Concept Peugeot Boxer 4x4 | El 4x4 de PEUGEOT,Descubrí el Peugeot Boxer 4x4 Concept: la furgoneta 4x4 destinada a la aventura con sus neumáticos todoterreno y navegación con pantalla táctil.,,https://www.peugeot.com.ar/marca/innovacion/concept-cars/peugeot-boxer-4x4-concept.html,,,,,1238,66,19,"PEUGEOT BOXER 4X4 CONCEPT CONCEPT PEUGEOT BOXER 4x4, un pionero para cualquier aventura. Con su estilo distintivo y sus materiales innovadores, PEUGEOT presenta su intensa y apasionante visión del vehículo recreativo. Heredero del PEUGEOT RIFTER 4x4 CONCEPT, también está diseñado para la exploración en todo tipo de terrenos. CONCEPT PEUGEOT RIFTER 4x4: ¡El innovador! El aventurero errante CONCEPT PEUGEOT RIFTER 4x4: este coche de exposición itinerante, la visión pionera de PEUGEOT del futuro de los vehículos recreativos al aire libre, allanó el camino en el Salón del Automóvil de Ginebra 2018. DESAFÍO # 1: REESCRIBIR LAS REGLAS CONCEPT PEUGEOT BOXER 4x4, un pionero para cualquier aventura. Con su llamativo diseño y sus materiales innovadores, el PEUGEOT BOXER se ha transformado para el espectáculo VDL * 2019 en un aventurero itinerante que está preparado para todo. El primer desafío fue romper el molde de la furgoneta camper tradicional y mostrar la visión de la marca PEUGEOT de este tipo de vehículo. Para animar un segmento dedicado a la libertad, la atención se centra en el estilo y la emoción de la aventura. El color de la carrocería WANDERLUST GREEN ofrece una inmersión total…"
https://www.peugeot.com.ar/marca/innovacion/concept-cars/peugeot-e-legend-concept.html,200,Concept e-LEGEND de PEUGEOT | Vehículo eléctrico autónomo de PEUGEOT,"Descubrí el Concept Peugeot e-Legend: el prototipo eléctrico, y autónomo que cuenta con un i-Cockpit sensible que ofrece cuatro modos de conducción.",Concept PEUGEOT e-LEGEND: el vehículo autónomo de PEUGEOT,https://www.peugeot.com.ar/marca/innovacion/concept-cars/peugeot-e-legend-concept.html,,,,,1757,65,19,"Concept PEUGEOT e-LEGEND: el vehículo autónomo de PEUGEOT MANIFIESTO AUTÓNOMO Porque autónomo no significa monótono, y la transición energética no borrará 120 años de historia del automóvil, PEUGEOT se enorgullece de anunciar el CONCEPT e-LEGEND . #UnboringTheFuture CONCEPT PEUGEOT e-LEGEND no es solo un manifiesto tecnológico. Es la visión de la marca PEUGEOT que mira activamente hacia un futuro optimista y ultra deseable. Para PEUGEOT, lo eléctrico y lo autónomo son sinónimos de sensaciones aún más fuertes, y el aburrimiento claramente no forma parte del ADN de la marca PEUGEOT. GT DESINHIBIDO Durante todo el proyecto, el equipo PEUGEOT Style se guió por el deseo de ofrecer una rica experiencia estética, tecnológica e inmersiva en un coupé compacto. Es este realismo en términos de espacio y proporciones lo que hace que CONCEPT PEUGEOT e-LEGEND sea tan dinámico y le permite encarnar la ambición de la marca PEUGEOT con tanta modernidad y energía. EXPERIENCIA INMERSIVA Nuestro único objetivo: sentirse tan cómodo en su coche, como sea que lo conduzca, como lo haría en su propia casa. Una sutil combinación de componentes de alta tecnología y materiales refinados. AHORRA TIEMPO Con el…"
https://www.peugeot.com.ar/marca/innovacion/peugeot-icockpit.html,200,PEUGEOT i-Cockpit® | Estilo de conducción ergonómico e innovador,"Con un volante compacto, una pantalla y teclado táctiles, el Peugeot i-Cockpit® tiene todos los elementos requeridos para un confort de conducción óptimo.",DESCUBRÍ EL PEUGEOT I-COCKPIT® | TECNOLOGÍAS PEUGEOT,https://www.peugeot.com.ar/marca/innovacion/peugeot-icockpit.html,,,,,569,67,19,"DESCUBRÍ EL PEUGEOT I-COCKPIT®: PUESTO DE CONDUCCIÓN INNOVADOR DESCUBRÍ EL PEUGEOT I-COCKPIT® | TECNOLOGÍAS PEUGEOT El PEUGEOT i-Cockpit® Una concepción innovadora del puesto de conducción Desde siempre, conducir un PEUGEOT constituye una experiencia entusiasmante. En materia de chasis y adherencia, la marca posee desde hace mucho tiempo un saber hacer indiscutible gracias al cual el conductor experimenta unas sensaciones al volante increíblemente dinámicas. Con la voluntad de siempre ir más allá en la búsqueda del placer de conducir, PEUGEOT inició hace algunos años una profunda reflexión sobre el puesto de conducción a fin de ofrecer la mejor experiencia posible. El fruto de esta búsqueda es un concepto innovador de la distribución interna: el PEUGEOT i-Cockpit®. Los 3 pilares del i-Cockpit®: Volante compacto El volante compacto facilita un mejor manejo y una conducción más reactiva que multiplica las sensaciones. Con él, la conducción se convierte en un juego, en una evidencia. Como ya no hace falta abrir tanto los brazos, los movimientos necesarios para maniobrar no son tan amplios, lo cual aumenta la rapidez y la agilidad del conductor y, al mismo tiempo, le permite mantener…"
https://www.peugeot.com.ar/marca/innovacion/tecnologias.html,200,Motores eat8 gearbox & Puretech | La eficiencia ecológica de Peugeot,Descubrí la eficiencia ecológica de Peugeot: a través de la caja automática eat8 y su motor Puretech.,TECNOLOGÍAS EFICIENTES | TECNOLOGÍAS PEUGEOT,https://www.peugeot.com.ar/marca/innovacion/tecnologias.html,,,,,899,65,19,"CAJAS DE CAMBIO Y MOTORES EFICIENTES TECNOLOGÍAS EFICIENTES | TECNOLOGÍAS PEUGEOT Para el fabricante de automóviles PEUGEOT, el compromiso con el medio ambiente es absolutamente esencial, siempre que se preserve el placer de conducir. Por ello, los ingenieros y diseñadores de PEUGEOT han imaginado y diseñado una gama de soluciones eficientes. MOTORES PURETECH La familia de motores nafteros de 3 cilindros PureTech de Peugeot es una combinación de eficiencia y tecnología de vanguardia. Elegido motor del año en su categoría en 2015, 2016 y 2017, esta familia equipa toda la gama Peugeot del 108 al 5008. MOTORES BLUEHDI Creador del sistema más eficiente del mercado en términos de reducción de emisiones contaminantes, Peugeot confirma su liderazgo en términos de eficiencia ambiental. BlueHDi es el nombre de los motores diésel Euro 6 de Peugeot, que combinan alto rendimiento y bajas emisiones. TRANSMISIÓN AUTOMÁTICA EAT6 La caja de cambios EAT6 Transmisión automática eficiente 6 es una transmisión automática de 6 velocidades que optimiza el consumo de combustible y las sensaciones de conducción. Ha sido diseñado para reducir drásticamente las emisiones de CO2 al tiempo que ofrece un alto…"
https://www.peugeot.com.ar/marca/universo-peugeot.html,200,Universo PEUGEOT | Los valores y la historia de la marca PEUGEOT,"Descubre la marca PEUGEOT: su universo cultural y deportivo, 210 años de PEUGEOT y la tienda PEUGEOT.",Bienvenido al universo PEUGEOT,https://www.peugeot.com.ar/marca/universo-peugeot.html,,,,,133,65,19,"210 AÑOS DE PASIÓN E INDEPENDENCIA: LA PELÍCULA 210 AÑOS DE PASIÓN E INDEPENDENCIA: LA PELÍCULA Bienvenido al universo PEUGEOT UNIVERSO PEUGEOT Bienvenido al universo PEUGEOT. Redescubri el universo de la marca PEUGEOT y sus 210 años de historia y descubri sus proyectos PEUGEOT Design Lab. ¡FELIZ 210 CUMPLEAÑOS A PEUGEOT! Gracias a un vídeo exclusivo, descubrirás los más de dos siglos de historia de la marca del León. Reviví cada uno de los hitos que han convertido a PEUGEOT en el fabricante global de automóviles que es hoy, una marca que nunca ha dejado de guiarse por la pasión y la independencia. DESCUBRÍ LA HISTORIA DE LA MARCA LA BOUTIQUE PEUGEOT Ampliá tu experiencia de la marca descubriendo nuestros productos de marca PEUGEOT que reflejan y transmiten nuestros valores: Excelencia, Elegancia, Emoción."
https://www.peugeot.com.ar/marca/universo-peugeot/historia.html,200,Historia de la marca Peugeot,"Con sus grandes invenciones y sus innumerables éxitos, Peugeot ha escrito algunas de las mejores páginas de la historia del automóvil.",,https://www.peugeot.com.ar/marca/universo-peugeot/historia.html,,,,,718,67,19,"HISTORIA DE PEUGEOT HISTORIA Familia Peugeot. Más de 210 años de Pasión. Con sus grandes invenciones y sus innumerables éxitos, Peugeot ha escrito algunas de las mejores páginas de la historia del automóvil. La aventura Peugeot continúa con los nuevos desafíos del siglo XXI. 1810 COMIENZO DE LA AVENTURA INDUSTRIAL DE PEUGEOT La empresa familiar fue fundada en 1810 por Jean-Frédéric y Jean-Pierre II Peugeot. Tras la transformación en acería del molino hidráulico familiar en el municipio de Hérimoncourt (en el municipio de Hérimoncourt en la región Doubs), diferentes ramas de la familia emprendieron producciones muy diversificadas basadas en el acero (herramientas, muelles, molinos de café, piezas de relojería, bicicletas, etc.). 1889 PRESENTACIÓN DEL TRICICLO DE VAPOR En la Exposición Universal de París, Armand Peugeot presentó el primer automóvil PEUGEOT: un triciclo de vapor (no comercializado), realizado con el ingeniero Léon Serpollet. 1948 LANZAMIENTO 203: PRIMER COCHE MONOCASCO El 203 fue el primer vehículo producido en la posguerra. Fue también el primer modelo monocasco con un motor de culatas hemisféricas y válvulas en V, y el primer Peugeot del que se produjeron más de…"
https://www.peugeot.com.ar/modelos/peugeot-gama.html,200,Gama Peugeot | Todos los vehiculos de Peugeot,Descubrí todos los modelos de vehículos disponibles para el momento de tu vida necesario. Filtrá por categoria y motorización.,Modelos Peugeot,https://www.peugeot.com.ar/modelos/peugeot-gama.html,,,,,31,72,19,"Modelos Peugeot Seleccioná un filtro de ""Categoría"" y un filtro de ""Motorización"" como máximo: CATEGORÍAS MOTORIZACIONES FILTRAR LA GAMA FILTRAR LA GAMA URBANOS BERLINAS SUV FAMILIARES UTILITARIOS DIESEL NAFTA SIN RESULTADOS"
https://www.peugeot.com.ar/navigation-partials/footer-navigation/quick-links/second-section.html,200,second section,Navigation Partial for Digital One Sites,,,,,,,0,0,0,
https://www.peugeot.com.ar/navigation-partials/footer-navigation/quick-links/third-section.html,200,Third section,Navigation Partial for Digital One Sites,,,,,,,0,0,0,
https://www.peugeot.com.ar/navigation-partials/primary-navigation-mobile/home.html,200,Home,Navigation Partial for Digital One Sites,,,,,,,0,0,0,
https://www.peugeot.com.ar/servicios-de-mantenimiento/asistencia-y-garantias/garantias.html,200,Peugeot Garantías,Conocé el programa de Garantías de Peugeot. Descubrí todos los beneficios que tiene Peugeot para vos.,GARANTÍAS | PEUGEOT ARGENTINA,https://www.peugeot.com.ar/servicios-de-mantenimiento/asistencia-y-garantias/garantias.html,,,,,1378,64,19,"GARANTÍA GARANTÍAS | PEUGEOT ARGENTINA Garantía por Emisión de Contaminantes Queda garantizado por 80.000 km. o por cinco años de uso, lo que ocurra primero, que las emisiones de gases de escape, de gases de cárter y emisiones evaporativas de los vehículos livianos con motor de ciclo Otto o diesel, se ajusten a los límites de contaminación establecidos por las normas sobre la materia. DIAGNOSTICO Cobertura: Piezas defectuosas, excepto piezas sujetas a desgaste normal (por ejemplo, pastillas de freno) Contenido de la garantía: Reparación o reemplazo gratuito de piezas defectuosas Reembolso de las tarifas por avería o remolque si se produce una avería que esté cubierta por la garantía Duración / km: 2 años desde la fecha de entrega Sin límite de kilometraje PINTURA Defectos cubiertos: Defecto en la pintura o barniz de la carrocería original Contenido de la garantía: Repintado o barnizado parcial o total para subsanar el defecto. Duración / km: 2 años (vehículos personales y comerciales) PERFORACIÓN Defectos cubiertos: Perforación: corrosión de la carrocería desde el interior hacia el exterior Contenido de la garantía: Reparación o reemplazo de las partes defectuosas donde la…"
https://www.peugeot.com.ar/servicios-de-mantenimiento/asistencia-y-garantias/peugeot-assistance.html,200,Peugeot Assistance | Sevicios Peugeot,Descubrí todos los servicios de Peugeot Assistance. Beneficiate con Peugeot Assistance en caso de inmovilización del vehículo.,PEUGEOT ASSISTANCE: PODÉS CONTAR CON NOSOTROS,https://www.peugeot.com.ar/servicios-de-mantenimiento/asistencia-y-garantias/peugeot-assistance.html,,,,,276,67,22,"PEUGEOT ASSISTANCE PEUGEOT ASSISTANCE: PODÉS CONTAR CON NOSOTROS Beneficiate con Peugeot Assistance en caso de inmovilización del vehículo por avería o accidente. Todos los vehículos Peugeot se benefician de la asistencia Peugeot hasta los 8 años de patentado. DESCARGAR INFORMACIÓN PEUGEOT ASSISTANCE Válido para vehículos en garantía Peugeot Assistance interviene para: Avería del vehículo, por falla eléctrica o mecánica. Accidente Carga de Batería Pérdida de llaves Error de combustible Neumático pinchado y/o avería Remoción del vehículo Peugeot se compromete a hacer todo lo posible para ayudarlo en una intervención in situ o accionar un remolque a un service autorizado de la red oficial. CONTACTÁ A UN ASESOR CONTACTÁ A UN CONCESIONARIO CAR ACCIDENT MANAGEMENT Es un servicio de remolque gratuito para vehículos inmovilizados hasta el octavo año de la unidad. El servicio consiste en remolcar al Servicio Oficial más cercano aquellos vehículos inmovilizados por causas mecánicas, accidente o pérdida de llaves, las 24h, los 365 días. Una vez remolcado el vehículo, el concesionario hará un presupuesto para la reparación que podrá ser aceptada o no por el cliente. Todo cliente Peugeot…"
https://www.peugeot.com.ar/servicios-de-mantenimiento/autopartes-y-accesorios/piezas-de-recambio.html,200,Piezas de repuesto y piezas de recambio,"Descubrí la gama de piezas de repuesto PEUGEOT aptas para todos los presupuestos: piezas originales, piezas multimarca Eurorepar.",OFERTA DE PIEZAS DE RECAMBIO,https://www.peugeot.com.ar/servicios-de-mantenimiento/autopartes-y-accesorios/piezas-de-recambio.html,,,,,207,64,21,"OFERTA DE PIEZAS DE RECAMBIO La gama de piezas de recambio PEUGEOT PEUGEOT SERVICE ofrece una serie de gamas de piezas de recambio acordes con tus necesidades y tu presupuesto. PIEZAS ORIGINALES Calidad original, seguridad adicional El mantenimiento de tu PEUGEOT es muy importante. Por ello, nuestros expertos pueden ofrecerte piezas originales idénticas a las montadas en los vehículos nuevos. Estas piezas garantizan las mejores prestaciones y el mejor valor para tu vehículo y tu seguridad a largo plazo, para que disfrutes del placer de conducir con total seguridad. Si eliges piezas originales, disfrutarás de: Calidad original Autenticidad Seguridad Descubre nuestros servicios originales Las piezas se fabrican conforme a los estándares del fabricante y las mismas especificaciones que las piezas instaladas en vehículos nuevos. Están disponibles en toda la red PEUGEOT, en todo el mundo, y durante al menos 10 años a partir del lanzamiento del último modelo del vehículo. Comprar Repuestos PIEZAS MULTIMARCA La combinación de calidad, precio y prestaciones Tu vehículo envejece, y cuando se trata de su mantenimiento, siempre andas en busca del mejor equilibrio entre precio y rendimiento.…"
https://www.peugeot.com.ar/servicios-de-mantenimiento/mantener-mi-vehiculo.html,200,"Mantenimiento auto Peugeot : revisión, servicios postventa","Descubrí todos los servicios de postventa que te ofrece Peugeot: Mantenimientos Programados, Taller Movil, Garantias y Seguros Peugeot.","SERVICIOS POSTVENTA, REVISIÓN Y MANTENIMIENTO PEUGEOT",https://www.peugeot.com.ar/servicios-de-mantenimiento/mantener-mi-vehiculo.html,,,,,152,65,23,"SERVICIOS POSTVENTA, REVISIÓN Y MANTENIMIENTO PEUGEOT SERVICIOS POSTVENTA, REVISIÓN Y MANTENIMIENTO PEUGEOT Servicios Postventa | Revisión y mantenimiento Peugeot MANTENIMIENTOS PROGRAMADO En Peugeot Argentina seguimos evolucionando para que tu Peugeot siga como siempre. Mantenimientos programados es el servicio pautado y recomendado por la marca para mantener tu auto en excelentes condiciones. COMPRAR OPERACIONES RÁPIDAS Seleccioná tu Operación Rápida y seguí disfrutando de las comodidades que te ofrece la marca para tu Peugeot. Podés realizar la compra de manera online ingresando en el siguiente enlace. COMPRAR ONLINE BOOKING ¡Agendá tu turno online! Encontrá tu Taller Peugeot más cercano y solicitá un turno de manera online. AGENDAR TURNO ONLINE GARANTÍAS Y SEGUROS PEUGEOT Con Peugeot Seguros, disfrutá de un contrato a medida, ya seas un particular o un profesional. ¡Descubrí la oferta de seguros Peugeot! SABER MÁS TIENDA OFICIAL Encontrá los mejores repuestos y accesorios en nuestra tienda oficial de Mercado Libre. SABER MÁS"
https://www.peugeot.com.ar/servicios-de-mantenimiento/mantener-mi-vehiculo/peugeot-a-un-click.html,200,Peugeot a un Click,Peugeot presenta su plataforma de posventa verificada: Peugeot a un Click para acompañarte siempre en tu camino.,,https://www.peugeot.com.ar/servicios-de-mantenimiento/mantener-mi-vehiculo/Peugeot-Check.html,,,,,301,65,27,"DESCUBRÍ Y ADQUIRÍ TODOS LOS SERVICIOS Y ACCESORIOS PARA TU PEUGEOT PEUGEOT FLEXCARE Planes de Mantenimiento Programado Anticipado y Garantía Extendida. Aprovechá los planes de servicios personalizados, con precios fijos y disponibles en toda la Argentina. MANTENIMIENTOS ANTICIPADOS GARANTÍAS EXTENDIDAS Servicios de mantenimiento programado Agendá tu turno con un concesionario oficial. Realizar el mantenimiento programado mantendrá tu Peugeot siempre actualizado. Cuenta con mano de obra calificada, repuestos originales, tecnología de punta y servicio diferenciado. . COMPRÁ ACÁ RESERVÁ TU TURNO ACCESORIOS Y RESPUESTOS Conocé nuestra gama de accesorios que tenemos para tu Peugeot y personalízalo a tu estilo. ACCESORIOS REPUESTOS Y PIEZAS ONLINE BOOKING Agendá tu turno online eligiendo tu concesionario oficial mas cercano, según tu disponibilidad y mantené siempre tu Peugeot como nuevo. Online Booking es una aplicación que te permite en simples pasos, agendar una cita de taller. Con Online Booking la reserva queda agendada directamente en el organizador del concesionario, llegándole un email de confirmación. RESERVÁ TU TURNO OPERACIONES RÁPIDAS Conocé nuestras operaciones rápidas…"
https://www.peugeot.com.ar/servicios-de-mantenimiento/peugeot-flexcare.html,200,Flex Care | Peugeot Argentina,Planes de Mantenimiento Programado Anticipado y Garantía Extendida.,,https://www.peugeot.com.ar/marca/universo-peugeot/historia.html,,,,,811,66,22,"PEUGEOT FLEXCARE Planes de Mantenimiento Programado Anticipado y Garantía Extendida. Aprovechá los planes de servicios personalizados, con precios fijos y disponibles en toda la Argentina. ECONOMÍA DESCUENTOS Y PRECIOS FIJOS FLEXIBILIDAD COBERTURA NACIONAL. PROTECCIÓN MANTENIMIENTO DE LA GARANTÍA DE FABRICA. PLANES DE MANTENIMIENTO PROGRAMADO ANTICIPADO Con los Paquetes de Mantenimiento PEUGEOT FLEXCARE, puedes comprar servicios de mantenimiento de forma anticipada por el período que desees, a precios fijos y establecidos a lo largo del contrato. Planes de 1 a 3 revisiones para vehículos 0 km. Mantené la garantía de fábrica de tu Peugeot. VER PRECIOS COMPRAR SERVICIOS VENTAJAS: ECONOMÍA: Descuentos y precios fijos. FLEXIBILIDAD: Cobertura nacional con servicio en todas las concesionarias Peugeot. PROTECCIÓN: Mantenimiento de la garantía de fábrica. ¿CÓMO FUNCIONA? 1) Planes flexibles para vos: Contamos con planes de 1 a 3 revisiones, los cuales podés seleccionar según tu necesidad. Adquirí tu paquete ideal para tu Peugeot 0km. 2) Tranquilidad de que tu Peugeot estará cuidado con la posibilidad de contratar un paquete de revisiones en cualquier momento y en cualquier concesionaria…"
https://www.peugeot.com.ar/servicios-de-mantenimiento/peugeot-servicios.html,200,"PEUGEOT Service, mantenimiento de vehículos | PEUGEOT",Descubrí PEUGEOT Service: comprá online tu próximo Mantenimiento Programado,PEUGEOT Service | para el mantenimiento de tu vehículo PEUGEOT,https://www.peugeot.com.ar/servicios-de-mantenimiento/peugeot-servicios.html,,,,,161,65,21,"PEUGEOT SERVICE PEUGEOT Service | para el mantenimiento de tu vehículo PEUGEOT CONOCÉ MANTENIMIENTOS PROGRAMADOS ¡Tomá la decisión correcta para el mantenimiento de tu vehículo! Además de beneficiarte de los conocimientos de nuestros expertos, controlarás tu tiempo y tu presupuesto. Gracias a nuestros servicios, podés planificar y programar el mantenimiento de tu PEUGEOT, aprobar reparaciones y recibir actualizaciones y todo desde de tu casa. Un mantenimiento sencillo para un placer de conducción infinito. RESERVÁ TU PRÓXIMO MANTENIMIENTO COMPRÁ ONLINE Entrá en el siguiente enlace y comprá online tu próximo mantenimiento programado Peugeot. COMPRAR ONLINE COMPRÁ TU OPERACIÓN RÁPIDA COMPRÁ ONLINE Entrá en el siguiente enlace y comprá online tu próxima Operación Rápida Peugeot. COMPRAR ONLINE PEUGEOT ASSISTANCE PODÉS CONTAR CON NOSOTROS Beneficiate de PEUGEOT Assistance si tu vehículo está inmovilizado (avería o accidente). Tendrás asistencia en caso de avería o de remolque de tu vehículo para que puedas continuar tu viaje, hasta llegar a casa si fuera el caso. SERVICIO ASSISTANCE"
